"","V1","V2","V3","V4","V5","V6","V7","V8","V9","V10","V11","V12","V13","V14","V15","V16"
"1",0.117556027294683,0.0960742732092665,0.112199765985604,0.095329664497986,0.127729578653215,0.102298005396993,0.0936262959173224,0.108325096548487,0.0940811778402131,0.113084106565625,0.113923878622208,0.102509572673043,0.0988581324794697,0.110593985691799,0.102538897824405,0.106621991608412
"2",0.108699413141126,0.119510909938512,0.11047842816573,0.101370053141038,0.107142506084138,0.125395138618901,0.100697988109285,0.116365178181929,0.114785347420813,0.102081905075791,0.112740418310708,0.103752189007755,0.107386371116222,0.115376155164496,0.110246555646016,0.102527620119117
"3",0.0927744808731787,0.101221708421947,0.0878151119970168,0.111389466035169,0.112112851300754,0.0986907940648723,0.105968917907417,0.106145554100094,0.112491615777718,0.112992618039687,0.102847682922235,0.0958466675297914,0.106996231878224,0.092903284601441,0.111537302109119,0.112966970264498
"4",0.0980950845426699,0.106432427565542,0.104886936647446,0.0970597814389566,0.0893532413315062,0.114510723888252,0.0996973050886779,0.108166296034988,0.0968680196589784,0.106658402266221,0.0978394882968956,0.0958754304715667,0.104621981602958,0.102959550258094,0.111663547193547,0.104422421399948
"5",0.108163272221277,0.0996789526067697,0.101639620262168,0.0987019609726392,0.0933688623931974,0.102738526429038,0.0919222361269845,0.0988534324895611,0.11574408913271,0.124517674840494,0.0977097631017711,0.0996044507445627,0.0945975879754192,0.114776201489402,0.132248532390116,0.113121229142499
"6",0.108718263814259,0.12136357263436,0.0991188755975884,0.112411667211336,0.10310938890497,0.117930655699135,0.112575614781529,0.0962278530258049,0.0966198346183139,0.133814830317176,0.0877942033024936,0.0981572868418796,0.0988824897150023,0.119036487217618,0.116661058303231,0.102146394022212
"7",0.107980884220133,0.109392993278706,0.104556140742718,0.0958950898463637,0.105894853400784,0.103956280984234,0.102801750443056,0.109517106978312,0.0986777542833435,0.102492015963437,0.112471639004561,0.116245918032651,0.115760719255538,0.0965312920704161,0.0990608628351578,0.12813601988044
"8",0.106234834567639,0.0979795270409265,0.102683750969366,0.0992743401940804,0.120880149395315,0.106955635807063,0.113284371349611,0.112957764883784,0.103134932684312,0.101378369164751,0.105631019943365,0.114084639462016,0.108196159702327,0.103874136169933,0.105761875637481,0.0967208377732817
"9",0.100201289073033,0.102832446353866,0.113488983250454,0.0911865206181295,0.104882944634999,0.104230807519351,0.102360310749385,0.0943767026722816,0.0997122564281026,0.104126567564472,0.101698827472474,0.111219875378629,0.105462695195633,0.106957823675847,0.106180825092129,0.104547675851459
"10",0.0982965521124234,0.0917102388896591,0.13571775558416,0.102284094362858,0.103982843666685,0.100700155763477,0.110434402830946,0.0937106972102867,0.120294398937918,0.0991881933174687,0.0952605755351779,0.0964621577953261,0.110032546615617,0.102749220473674,0.108862102764459,0.096997034586872
"11",0.12916561550092,0.118428369937542,0.0993974823155111,0.118369775578711,0.114718552554232,0.0992187561556584,0.12408169408586,0.115116854233437,0.100501375573986,0.0934121417262356,0.104867533286564,0.107488189077156,0.0940409961409853,0.103729092403406,0.102187985937145,0.106265759756201
"12",0.106235075542838,0.100016610322459,0.0955639175599232,0.0958727249297137,0.122830404661852,0.106073847691014,0.109089837055063,0.10503177048303,0.0957175929545637,0.101365804577389,0.110091797663515,0.113423692202125,0.0843920098998993,0.106485856201901,0.120571428792437,0.101365095483167
"13",0.11561312316677,0.0996799462963877,0.110660723138399,0.0948722625377359,0.105594007337986,0.107929580303665,0.120014083364773,0.108033198244997,0.11211156377483,0.137700833569256,0.103440931648315,0.117442153867465,0.100618335145263,0.097662534129609,0.102253273142178,0.104429030838802
"14",0.107089460953056,0.0981403176510402,0.112389598979497,0.14331237432875,0.100874284090348,0.10051689831902,0.104864086227317,0.103975555910402,0.121140580823893,0.0998748625581935,0.112983056255969,0.122206595177926,0.103251215495691,0.1080942677027,0.102922778796588,0.0958615537830371
"15",0.0889848422795979,0.105662339945161,0.106531404297898,0.0914530976026384,0.108440432869998,0.10100444025222,0.0974271516841374,0.0936127595218621,0.104755968657223,0.10203040087727,0.0983574220039457,0.104511170276396,0.117530399147246,0.0982399260440869,0.105507414219425,0.118967545114386
"16",0.110111777564305,0.0973775839938088,0.0990270107619164,0.0924721892845253,0.110778018739336,0.118900584500036,0.114687771899921,0.0977534587222227,0.114283802506821,0.125608783101119,0.0935822857707081,0.106611341126548,0.102931938291769,0.0991239223057783,0.113009486277693,0.103337973101329
"17",0.1132911209629,0.0917524676079198,0.102304354248067,0.119788301618126,0.115610913185937,0.109719128438975,0.100178354118785,0.0939628350951787,0.103666082703874,0.132302337603538,0.112623780233929,0.100539696862692,0.108751730089244,0.106471012439219,0.0918642111551589,0.101988685481447
"18",0.11147828297771,0.115160358055778,0.117819551605468,0.0941934662729923,0.0991113981704971,0.122246798767116,0.11532115473339,0.100286959969441,0.0981034121964616,0.0977239640858063,0.110901661056231,0.0975695415635204,0.119790776336344,0.0960850563059238,0.110952611241912,0.106966344196866
"19",0.0900052408744593,0.102712728890125,0.108876645463072,0.127392285757922,0.102030176398809,0.10261289629847,0.0993944089829647,0.105345889236934,0.129711026247929,0.101067043422901,0.108805039920585,0.115094075402113,0.112790196425543,0.10255861633528,0.098791819515501,0.108894058585176
"20",0.104865936139315,0.105469648436862,0.113666163315369,0.110715819832417,0.102070469641511,0.10804974537981,0.113763762608132,0.107411073834072,0.111909976575933,0.103900219595052,0.0992458375147877,0.116769386242525,0.108002658531806,0.102289837025004,0.11049958694598,0.107675713295545
"21",0.0954282298629963,0.107613867204577,0.0993516314619011,0.107097416902191,0.109044148420015,0.116409607690844,0.105599614217045,0.123697733670197,0.112080076821691,0.105861669190551,0.113633036631587,0.125005704919006,0.100410281045321,0.107444960334805,0.113328242238712,0.098667537465938
"22",0.120282233427354,0.0968367675354316,0.118641075873251,0.0973234050393686,0.122734285159487,0.111695015561306,0.0969845385513159,0.105263469215898,0.106243265931925,0.0966344873077289,0.101618143685616,0.107781172980953,0.0988062310046251,0.110562445746251,0.105857163008835,0.0980978048089456
"23",0.112927851429275,0.120002345036967,0.0958612776875195,0.103902453058536,0.110541534400888,0.107934740685059,0.106690767202594,0.11604789203473,0.116890273200908,0.118551960942138,0.11225821645955,0.107695894560857,0.11424112227375,0.10885331315202,0.099944409061923,0.108865220062988
"24",0.117646556151684,0.106468463692744,0.124450429656016,0.112155667517508,0.110362880236191,0.103497517860303,0.115436501363673,0.118514514562067,0.122128861707611,0.101199230889329,0.106057513425871,0.114570653795313,0.105301640800678,0.113450015851466,0.101403854327898,0.089091221816718
"25",0.105177840670807,0.102818696473595,0.105230004706971,0.106376495862519,0.113729155722136,0.118261606715816,0.11778693877988,0.105030310915157,0.112060336487474,0.101067568284042,0.103311545755011,0.118326772210094,0.106451340147065,0.0970165096649914,0.0891294906854918,0.112954952530049
"26",0.115219544240332,0.104472510947822,0.109375858013907,0.126332509658537,0.103636554306735,0.105362445267834,0.105092606957982,0.124694128172427,0.107567579029908,0.110574326893578,0.0875513310871002,0.117013258588409,0.11355475745339,0.0901421187882605,0.117897381904678,0.100530603801643
"27",0.107823216014841,0.113786660285319,0.0974863531052387,0.0955872148073677,0.110409195870342,0.113304281071068,0.119120667420741,0.116716511000821,0.102982706897447,0.114829527901458,0.103973651616651,0.113618229583086,0.108886384913265,0.127079164691235,0.11298267894302,0.114318373903271
"28",0.102352197803263,0.128427531416391,0.127240544093932,0.110195594247894,0.102256133274459,0.0950705734187265,0.110121032770187,0.114248261853121,0.104108299652117,0.117642200175245,0.102420873630611,0.104838368220695,0.12558608410847,0.10327670323913,0.107851119433651,0.108810071189718
"29",0.0980549972149082,0.0911037506576536,0.100076062482491,0.10933628158413,0.1090174368583,0.118647127522552,0.129333334684,0.106833158216484,0.0967880995867399,0.117381901053491,0.104595961296816,0.112378138955055,0.116405179622759,0.108298771164647,0.11275104984203,0.116993063603718
"30",0.10533862441438,0.117295742282003,0.0979544599382965,0.101874954381549,0.115361810416325,0.124846084729654,0.148213663821708,0.119721698254805,0.104577494853326,0.121416788265895,0.106044317789054,0.118768696882953,0.0984337279468848,0.0938792984457405,0.114361223990428,0.100878035012041
"31",0.123928112379557,0.098514953386531,0.115656596931532,0.105059107034877,0.113982710434578,0.109728986291461,0.109921393195754,0.103879265426465,0.106937050966363,0.109161378792371,0.109784576614358,0.103729741796874,0.0985883429569268,0.110428032296929,0.0948307479118211,0.119205603718248
"32",0.102784611537949,0.103935191523995,0.108771181587955,0.104064571561436,0.103669075570144,0.114041261055663,0.100596329875506,0.0920913146012808,0.103818793773074,0.104127652403019,0.117587515631482,0.099865989030812,0.0997896647352129,0.107054597685771,0.106479231784457,0.142760120346547
"33",0.10840355348672,0.112557977034461,0.0956804370755212,0.12234743883661,0.0968621611817375,0.0933851807612777,0.110998025869927,0.109842311692625,0.117867420641033,0.0995145913628725,0.116405738099107,0.126956640680474,0.105076427490972,0.113775035875726,0.098772935635093,0.0962614795975857
"34",0.120809604426723,0.0950180404938021,0.120734236410122,0.12617997012194,0.0969480258204094,0.0972775420144914,0.105060636285449,0.101990515366995,0.104897335489038,0.0956092479789777,0.101881821976522,0.106720388139986,0.109639153250329,0.117480928493232,0.0986476906510275,0.102110607311722
"35",0.104600344277877,0.109546743104994,0.103282973685883,0.116154065513227,0.0968158621592835,0.130930943939396,0.105798356136162,0.119395680518014,0.108524196782083,0.120686163959239,0.0981258329937853,0.113072603411805,0.10882575680247,0.113534258432436,0.102626173160991,0.082469798861798
"36",0.102092024232492,0.11152767298448,0.105596132998567,0.120588468140519,0.107235179569877,0.103764119816619,0.104882101780918,0.104412952326898,0.109478608551211,0.12266880796944,0.0961523901386954,0.0988292312840154,0.0981259801042638,0.121159158498264,0.114043424883398,0.0969847129411749
"37",0.106263465685928,0.109059171996102,0.113051776683702,0.0984336297351817,0.102387272347015,0.0948531765158491,0.105443768515472,0.102418961517682,0.10847587038841,0.11502910511632,0.105150250261913,0.115487248219093,0.123523691236128,0.106603407911921,0.109653964795816,0.0913266275120058
"38",0.104094763620158,0.125409039135645,0.122605631979566,0.103868938811372,0.0939769458520981,0.112702739357789,0.0992691651007732,0.112144526204223,0.11359248939317,0.107453067696678,0.107324009612721,0.119771551848514,0.116204655193986,0.127785018963068,0.113667651636706,0.106024898023112
"39",0.107712077083538,0.132950211428568,0.106006209450184,0.104641808437885,0.0901598444015244,0.132351640606669,0.140210281039756,0.110602940590037,0.101987959859826,0.112340877767178,0.107826519753043,0.106935441122375,0.0951453984298477,0.116761008539027,0.0991404518152742,0.109253728366226
"40",0.110648883469007,0.114238207895853,0.106188176373206,0.112594978095183,0.106375870458427,0.0938401702229873,0.104066452451488,0.108786793601863,0.0949938782051174,0.115570690995141,0.110932663261528,0.10326452640829,0.111745658086151,0.100115871700452,0.111104023740744,0.105814523245305
"41",0.10895208741969,0.106828043694179,0.115419415709178,0.0957469801536461,0.102553610160856,0.0939086522706754,0.114745503824505,0.089372490925885,0.100226669795351,0.106593852079445,0.101165119614782,0.0946396600252552,0.106169465082231,0.101363665720518,0.0945781872914995,0.130056928259928
"42",0.0958309259014783,0.114328632964918,0.110682881744214,0.0958573600063597,0.092520694038641,0.106599086721203,0.128653172950091,0.107852378500519,0.10074319393071,0.107943281061001,0.10393252668801,0.110608119947003,0.0952860915999318,0.109643458581561,0.101819743857061,0.1170050466164
"43",0.102893892141304,0.115043831522328,0.104219841857874,0.0952268145217504,0.0960230041123509,0.108972563741757,0.115978623677674,0.105966824305992,0.107580954491171,0.109905226223866,0.116666661937763,0.107838241154168,0.110223578943203,0.118929788792392,0.116681014627557,0.106647740132427
"44",0.103730833766176,0.104639615382346,0.112281642832356,0.111881237870963,0.103664402518965,0.109665259498875,0.106892500324192,0.102590030426891,0.138210699482035,0.0936997209405961,0.109376996091422,0.118097189385576,0.0967786818978234,0.106332657526596,0.105835378052122,0.106240878329673
"45",0.134606185758372,0.108214776277578,0.118455743423125,0.107758154555577,0.116868251952244,0.108288234064833,0.0932105474435335,0.104480540524991,0.0987192707164173,0.133082511912412,0.104639785929653,0.11189653839322,0.111320919133844,0.0999487250750929,0.105817424480335,0.111634598260189
"46",0.0856578551683611,0.0970642574882683,0.109437056266299,0.10689435393499,0.0997460058259727,0.106898369859933,0.0959714225646496,0.102822411554202,0.115755535300212,0.125232400975034,0.100608599397248,0.11148865468929,0.094919962616632,0.114477875923422,0.0941530391573845,0.104308121088924
"47",0.106264265424352,0.105940424816622,0.0912037011189058,0.11631457013417,0.0965442153128896,0.0946821540781958,0.116927920685981,0.113298290595502,0.116556644326474,0.107231343068761,0.108626869020126,0.107103679157352,0.112917754428102,0.105424253984814,0.108993139000659,0.104127790529313
"48",0.120080068357,0.123134545063698,0.0911543442932563,0.124511774387774,0.098657771979433,0.10445581312617,0.101132674597526,0.105452472648592,0.126541541405314,0.0995636327029206,0.0911557392038939,0.114866504229091,0.104850964274868,0.0979319618456297,0.10823989293171,0.11264703105311
"49",0.112428163871355,0.127065250927923,0.101117364461604,0.107176675839667,0.121720401878312,0.098505102839413,0.111649662869168,0.102577395842904,0.103614552349028,0.096941617708847,0.106336878944851,0.124254186210402,0.0956094913953355,0.090402881253936,0.101171925661548,0.0958888532097468
"50",0.0949453528232176,0.110756976294757,0.129717842325041,0.111339174462071,0.111172577406801,0.114767802504487,0.109970895312409,0.119757918736769,0.105872580774348,0.106613277549169,0.0987242038137557,0.104479628354161,0.104867853190047,0.104216017576864,0.101346798736061,0.109907727209308
"51",0.122015043498443,0.105488471496228,0.0981408366796724,0.108895632365837,0.106399807742502,0.110684574032713,0.104971140932418,0.112541920335326,0.112361475544624,0.120030372592937,0.0995935402134953,0.107049289598829,0.113255326698326,0.112592363358398,0.0904842418040108,0.097345277228457
"52",0.107621742208449,0.100020484568002,0.118281436963232,0.100275868636877,0.0925219096148963,0.103372528318917,0.123195956297478,0.107624222791115,0.0996690816071356,0.136529815323419,0.0919497279659488,0.110660371657276,0.105691205746916,0.0995707934492196,0.104110576557703,0.0966149713305008
"53",0.0986717204402036,0.100400407389152,0.106322626803823,0.110634236208891,0.106334234748044,0.100158719145165,0.10332645905673,0.109543276470828,0.0994627960306455,0.116746743986621,0.116658299392619,0.104157177607091,0.105611895571228,0.107893166794012,0.097174788629581,0.098484458246947
"54",0.120773896313332,0.0961703089589083,0.111653549717289,0.094541981746533,0.113591659943641,0.100249706263853,0.0983627062300053,0.120572849972164,0.102250010361598,0.100379389284463,0.123439001377377,0.113181680817235,0.120047311428311,0.130301736639656,0.0985930270192778,0.116709902061696
"55",0.125648606979763,0.106428613397144,0.104307197144249,0.12534588483099,0.10621528979056,0.0956478844324499,0.116034940988092,0.104280438209805,0.109133357202766,0.118204295255499,0.106310007835781,0.114647747572488,0.112450923217489,0.110013906296902,0.0934056171524367,0.11110720214442
"56",0.111732551994991,0.103122105184521,0.099727755392558,0.128167330833702,0.102061986893543,0.116543484432446,0.101905286404437,0.120194381539271,0.105010993608534,0.112373840823919,0.094534865229226,0.103294299762795,0.119767622435655,0.105584323884961,0.105514203655437,0.0800269194122471
"57",0.107521453241071,0.0987616998546176,0.0959376010420571,0.0947703697399295,0.109999893810039,0.117592780640555,0.116806579933659,0.10536076566211,0.103315375377891,0.106339546724258,0.0925326396440494,0.0995896618881546,0.118901857056984,0.123170964466241,0.134955612510088,0.105211325467641
"58",0.112002092967638,0.102446666259306,0.0937805989348282,0.109439178120777,0.114247805783672,0.107468322068186,0.101841138545394,0.105777359574956,0.115321913038,0.109799974356694,0.114123187899898,0.117725263677301,0.122499146277993,0.110833450486078,0.0948771587095953,0.112213717578435
"59",0.101206241511622,0.110111496316323,0.113766846955003,0.104344762749937,0.100207223926877,0.124595097498186,0.0904343644787696,0.0938542882453195,0.0877212288186349,0.118798393728511,0.104162385523138,0.0902530697485818,0.103982559899491,0.112208507183383,0.115041282451251,0.108950465194892
"60",0.104105336693416,0.109245675746312,0.10588796436488,0.0998789580366276,0.0915916484246548,0.130192570380641,0.112742473292549,0.0960274422016149,0.115448453055495,0.101545618099016,0.0961536375446314,0.0915306174939787,0.0966890867562837,0.106657813630862,0.10768371542481,0.109370169995268
"61",0.109817689467325,0.107921811339346,0.101251152422194,0.0985635564160053,0.10172853019131,0.130610869618688,0.111612424699322,0.118677342448047,0.120801419656078,0.109896780218911,0.112618628066746,0.106103059620223,0.098238581173331,0.0905642631968707,0.0975582519723222,0.0958137727761523
"62",0.10065848849232,0.10864441815319,0.10394844643105,0.104063596496595,0.119973438894501,0.104535755457142,0.105280960968708,0.105667096327692,0.109851850577403,0.104993278120105,0.110656503749415,0.104887559973766,0.119809045507618,0.113611750198425,0.112803307439126,0.101802441452989
"63",0.101132993465653,0.108954327791579,0.104609776018591,0.100886912087353,0.112831091565969,0.113765806112307,0.105017780547607,0.111182047601396,0.110155385836262,0.108527483560496,0.103700043368011,0.100619603273774,0.0990723561995592,0.112002918539204,0.11194364330858,0.103128491064588
"64",0.111830318357324,0.10084535341597,0.113249268278515,0.115355459816232,0.110209728923128,0.104046579275111,0.105745456123832,0.125989359585967,0.10988848179522,0.0972041730255522,0.111740362983905,0.101237658761565,0.120480921110764,0.109549481872923,0.10645881722787,0.114484696047298
"65",0.0997348449545066,0.106478605871818,0.114078797704839,0.103104604095231,0.103442401799626,0.123151506123664,0.100313253618249,0.137303166027792,0.120929935712832,0.10053527340081,0.0997159261812107,0.102105505738531,0.102705555829094,0.127553386574953,0.098919212817501,0.112446531640482
"66",0.103593382468252,0.103568755883946,0.120375190758896,0.0959118401070077,0.103400823008221,0.110197864933509,0.0991456292182269,0.0965857046752439,0.101644422942255,0.113978094422982,0.108787610661851,0.0959979096131613,0.0967074667888951,0.105606205434544,0.127696535070653,0.108364460108047
"67",0.10057457535192,0.11343204780429,0.088417932442734,0.105474168582497,0.107196546441305,0.117779063835026,0.0896213934427705,0.120419155639964,0.0983976398757277,0.112216029572727,0.102109751314543,0.107606645984724,0.104971201809497,0.102138600659231,0.10430604831816,0.106094932207892
"68",0.117200431400916,0.0988127682349055,0.10686596227487,0.1065167646791,0.0972174398606794,0.101190361340023,0.113588396100331,0.122196502824566,0.112531995592801,0.108098517100468,0.125281100979598,0.111047005198036,0.104541332261316,0.102701386963533,0.115423036225217,0.0965943162660742
"69",0.103655351174888,0.102777261912644,0.110675985287244,0.112723581231712,0.0930357147470987,0.101857652749966,0.113898428310962,0.109223505334607,0.104826646938037,0.119134833220242,0.109221144836536,0.105827459637862,0.101752429869859,0.102116464021464,0.1066746090288,0.0992475781808226
"70",0.108994956361947,0.0981623946322066,0.104113017729176,0.104828376849098,0.117257112878377,0.096299375160076,0.106064842642802,0.0940972074866499,0.130429908337418,0.0933874901598886,0.10402252535713,0.117822145120694,0.104778940082083,0.112626596431749,0.10186705826701,0.0965894065366796
"71",0.105972020784163,0.0935979869433329,0.100443442290112,0.0938828196360966,0.102236455865685,0.101863577270319,0.110583336589125,0.11583703849321,0.0935699979362558,0.0993726202182679,0.111734798883697,0.100743285062025,0.109434746571304,0.0994019691358256,0.120554311500688,0.102064761260996
"72",0.115147396846736,0.103286312746434,0.106740616360104,0.100657783773685,0.114201057566204,0.117894496903082,0.112506214917222,0.0972919353975599,0.0971046191841637,0.116564624360608,0.0986497447113599,0.0949743427949178,0.113504155396775,0.105193436746293,0.107036168994593,0.108065698626667
"73",0.120564033496921,0.107162510683859,0.105647763516275,0.103666098989349,0.116894310352197,0.105900396471324,0.104840286330093,0.10600317258509,0.113961630300608,0.108659748543217,0.113009601846702,0.110500612279186,0.110321883181564,0.0992145180843049,0.104492393859386,0.0916561571468163
"74",0.102961978081758,0.0963693840725995,0.111515149685171,0.0929542496493224,0.132418800284756,0.106057524443925,0.0983924740459089,0.10160560806761,0.098553118679917,0.0976333852167588,0.12252943900888,0.115567435925663,0.118289890686309,0.0967249782783063,0.115268180996354,0.122047465943732
"75",0.126597264092082,0.126563859899197,0.120012784901975,0.114216835904754,0.106778514395359,0.104989258995852,0.0963586319435294,0.12287569683777,0.115822424581349,0.11454895557349,0.0985558540942103,0.111435506906866,0.0876991548027756,0.121926255802259,0.100594270789747,0.105434852791384
"76",0.103881868951889,0.107254704667366,0.121822255559618,0.0974433411583633,0.0969173847926639,0.0972721845467738,0.108546620956031,0.106547277241688,0.109439425341677,0.11122753987501,0.110961509536932,0.0933182012290782,0.08854776787674,0.08856891486171,0.139302417255249,0.0941768890677262
"77",0.0915376236640848,0.110548635154955,0.106282941453638,0.115336057671734,0.108389696077493,0.095706195642342,0.114777341697497,0.112056885665736,0.114673571833289,0.0956239261891778,0.117087221166151,0.112649327257571,0.111988761162505,0.120635847402034,0.0935048905179258,0.115685881432948
"78",0.112765607307415,0.113463188613243,0.0910717180082043,0.098438476318962,0.10968868495383,0.104330929159089,0.0899120305341835,0.107937735544745,0.113149638329686,0.103352544417869,0.106200369837321,0.107021931974239,0.11533923458963,0.119261676054114,0.0899611279034162,0.10347546727086
"79",0.110999707826169,0.11848812887672,0.114689669256088,0.120359460927062,0.116479926650267,0.110505891551388,0.107110503010981,0.135322862730256,0.0959409572839229,0.10314994922755,0.0985135640221467,0.113631467342582,0.094392428998608,0.104556150682212,0.101917193655812,0.114118821260612
"80",0.098601000203998,0.100636866626062,0.104652168261211,0.107003759241125,0.129128724061666,0.0936423075632444,0.108491512475792,0.108285225613169,0.110522571750871,0.106289819991042,0.109850279009979,0.110907572745375,0.105353927024167,0.108783737279227,0.113214909217204,0.095669387778803
"81",0.105233060602244,0.118234885530081,0.106035871512617,0.0951451656550641,0.117641672864247,0.0856862715969897,0.12014406510673,0.117079457615216,0.118040395984279,0.108168254149078,0.123350744767388,0.119408688537384,0.107337400926557,0.11778038880855,0.118065311153893,0.111715141905131
"82",0.103975637643623,0.113230497034033,0.110054324652793,0.102287414263834,0.0974273439154796,0.124714356947034,0.0986271943237496,0.10601813507554,0.125187504840968,0.119299481969801,0.102114715289153,0.100141133924923,0.109647271999674,0.0961278816938064,0.107191289914939,0.109250960233657
"83",0.111931976065845,0.105141965079107,0.131780242465907,0.0985950136206838,0.104683207397641,0.109458727786711,0.1072800863927,0.101894823267835,0.108548720716295,0.1051453513807,0.107962741100701,0.0997469987843613,0.114358043027624,0.104118705819378,0.0965908228503718,0.111721929154724
"84",0.151493161862939,0.105216051096134,0.107024156075123,0.105729828368793,0.133373681804719,0.0971237909452317,0.0985704811925274,0.101960428849549,0.100457317436698,0.106045188094823,0.100917163529962,0.106240420987352,0.113290863317729,0.0947331976344117,0.131117054614579,0.131985782782287
"85",0.128410016325983,0.113272121623544,0.100253866654665,0.114546070633951,0.120984265609967,0.129309138686592,0.111325689412896,0.106305959490126,0.107225466955956,0.093203934396965,0.0937473520857685,0.115672738223839,0.0977886107907649,0.0992386498477864,0.101379693095411,0.105511764865926
"86",0.102643488080005,0.116363491954896,0.115216917318529,0.0984553152384195,0.10937934093459,0.103202269926323,0.119962696564738,0.0995865638900223,0.104022907719089,0.113896207699431,0.10003599863362,0.0953023076328653,0.112037291564949,0.0991500722613806,0.132324354998642,0.120981667486644
"87",0.102605880127933,0.102033390919311,0.106187545359231,0.139875872579785,0.105837411803688,0.111375740374638,0.0941923151701616,0.102962788060307,0.115681843298922,0.110491854902981,0.104314631835244,0.10490660693993,0.114739848594351,0.120585617036436,0.120325607056317,0.111577360357823
"88",0.104549824915201,0.106025430408771,0.105086535570191,0.100387135636436,0.091334107442847,0.0986945618828619,0.113420176870231,0.103997602760619,0.0915987886883792,0.127216648184132,0.0961974260024608,0.126116201307704,0.108452483436953,0.106164101195359,0.101670304735711,0.100543894427582
"89",0.10256791447695,0.119204602075574,0.11104666922418,0.116224116553206,0.118162998652318,0.107530361571895,0.109466119727135,0.100945372228681,0.091258183579721,0.0980185956042834,0.100703202881745,0.108281978148506,0.0989494864858283,0.108369472890302,0.112343052751096,0.109335401938898
"90",0.10517372290883,0.110338503293411,0.108375162628883,0.10869925356444,0.109427981986289,0.106761718928539,0.100137037672897,0.118330664551445,0.106838440465246,0.112089070755335,0.100044802176534,0.116569076752817,0.11482916105723,0.116550964751136,0.102101475071511,0.109444850398772
"91",0.113246592356397,0.116881050639671,0.105441309573886,0.102252900042631,0.09836534990635,0.109572099070285,0.128706547373055,0.116536664003307,0.106890749837052,0.117154027081677,0.117836545130879,0.113568631211987,0.111252610507947,0.0982273034775483,0.110825186169216,0.0963826618255214
"92",0.106549344618475,0.0908688421094941,0.109406355425025,0.121865637466399,0.103556883638665,0.106914143627528,0.11000179710554,0.108441233144979,0.111964593785954,0.101353877965192,0.129005043772557,0.102840005550327,0.106189345893811,0.101535737405274,0.0944242989471112,0.105384337815875
"93",0.118064769766153,0.102345777510162,0.109554749361703,0.111209806790908,0.120284726484561,0.104597426989424,0.108304069879082,0.11797064012092,0.113060798396973,0.11343419828679,0.116538690457781,0.0945319008819607,0.117687934408008,0.0889341510669975,0.108681825189162,0.108932277397878
"94",0.093635511969391,0.104598235674688,0.118978486315226,0.112181274868892,0.0927392759266558,0.102383931741038,0.112068275891603,0.116426193573872,0.104935717206958,0.093852205623326,0.109394478910044,0.115834826680112,0.120140548733977,0.106905961438266,0.0973012946334411,0.103659620401943
"95",0.10704879041353,0.104020750247202,0.105924535446984,0.106949517220477,0.0971551431546345,0.105740105121852,0.0971157361534769,0.125614852142299,0.101800279429583,0.107410102203799,0.120759798707247,0.101905235319652,0.107538907360337,0.098809742957023,0.0949340180192797,0.098389923065159
"96",0.113599793497593,0.112348582077844,0.096149078129273,0.119623950184704,0.102017076501592,0.106552379994134,0.107272064191629,0.110074194283793,0.110747223311474,0.115261640602912,0.100986309319156,0.0936410530133263,0.0945786580281998,0.103802524933588,0.104422777339721,0.103570307945607
"97",0.116319600758583,0.106543911588113,0.10710844503112,0.100800404924496,0.0973542356917983,0.14321004631511,0.105609862564298,0.104346374291008,0.111096878937428,0.103632788513964,0.0903456479520982,0.0995513997132957,0.102832712135354,0.0947121864005927,0.10497943078844,0.105764266377353
"98",0.113035365832907,0.0913267380576913,0.102762307551132,0.119218404161601,0.114032835073318,0.115663298868709,0.102324441461646,0.11526935811473,0.0970782309712418,0.095594294387185,0.104570208639092,0.105881576795339,0.0931163298175365,0.0982636051083072,0.0991458352278915,0.117054439259433
"99",0.0989110038733657,0.103396986872446,0.112332691193022,0.10585463374112,0.109478363967781,0.11928528610652,0.0977603252035304,0.0923561479354875,0.10061264813092,0.0996825433585354,0.117522791837298,0.111637466946117,0.103660862151738,0.0969209344052579,0.105797378513137,0.101121182808607
"100",0.103511098995108,0.0995938458752074,0.120329032268177,0.0988848646342003,0.0971329070684063,0.100704890102877,0.100485344249716,0.115240506758371,0.110374031692079,0.102215149824338,0.112286328562345,0.109469969033661,0.12015543379453,0.114147139373703,0.107691460173917,0.0929586514792247
"101",0.115831770808804,0.10592530885595,0.113759593103431,0.105031915650905,0.0985321683626395,0.0972159978573229,0.110504983549185,0.110677420411731,0.110681972958632,0.111514027652094,0.0900050870552103,0.100010745092287,0.0981867126110297,0.115314200509176,0.112837863093215,0.10301808905297
"102",0.104103786053142,0.120391728412674,0.115124609217124,0.102711782462892,0.129350890205464,0.12130084156761,0.110128546631709,0.115616364744743,0.111108096337661,0.104000301671186,0.119672101151649,0.120549951144825,0.096724377727377,0.0992154230532375,0.104807253380842,0.111641907728659
"103",0.113793427157183,0.116454955527054,0.105481657829632,0.0986073746877872,0.103547446538936,0.119546100942545,0.095905515582555,0.125179717825937,0.122912091110081,0.0990668533001097,0.100010335881589,0.0975360972299895,0.105347570541415,0.119950976666458,0.128622328827759,0.121405608246795
"104",0.118981225534438,0.104543009485816,0.10830506438865,0.111433699669078,0.107111819993892,0.101521124875824,0.11849616001375,0.108710814700858,0.103968106699033,0.120231241112386,0.10269816941949,0.101820297891745,0.104970193533291,0.117014311358874,0.101531484955965,0.122434176065328
"105",0.10915582834855,0.109767440676787,0.106851396430613,0.12401118906819,0.104795714082613,0.104914713897891,0.0932671387099069,0.0964679032563184,0.119299865603017,0.122232281117385,0.122780238764677,0.0954986140095242,0.124051211374674,0.0932350937274718,0.114141548034376,0.116330913074933
"106",0.10518109523179,0.110292680451032,0.117616384360966,0.118689698640489,0.112080666325594,0.105861297288703,0.108554813812986,0.120617528733442,0.11278919172833,0.100984112995393,0.11945259798688,0.0998652660253279,0.125318656721041,0.105466043204049,0.111829826046204,0.112898104618894
"107",0.108214639363901,0.112864213542371,0.106688397170658,0.111129552579201,0.0977717547691578,0.109563249621891,0.113659393815745,0.119349627995951,0.101010670462076,0.118198843911956,0.133637266669598,0.111546533022581,0.121602390640411,0.089074389942101,0.105926343993055,0.11400744745379
"108",0.100297384851585,0.104200893570699,0.11445068542534,0.12556933896488,0.124985971093655,0.122878676215585,0.11408360186095,0.124468443516342,0.104411265923356,0.098822700598346,0.0854334302671296,0.106732367415142,0.106289928273764,0.0966733223901936,0.111335539164427,0.101571310572784
"109",0.112622550184201,0.107998470030366,0.118371230872336,0.0980156100971357,0.106358798020755,0.0990195305137362,0.125124344407479,0.104585439077811,0.117443610968336,0.104257304931519,0.097059911823307,0.116799070092623,0.0950045347775663,0.106047933270135,0.0973614230801552,0.0979717701708991
"110",0.111709362498331,0.112771323254468,0.105952395823671,0.104191903132969,0.114977209188082,0.105046047253104,0.0932028587933419,0.110520768478328,0.115788611581648,0.108970714894029,0.104977757107164,0.104599769066943,0.107465847369,0.107227093978829,0.110312915186167,0.11604700707681
"111",0.102504831529299,0.111421501193789,0.102273471059116,0.095535679661333,0.112569717159496,0.104884186026748,0.109906376178428,0.117641289942652,0.11138937076255,0.0893515135259386,0.105906529585264,0.0975550723162041,0.10142656989991,0.118484150801304,0.101177883146527,0.111831290254257
"112",0.115732782198166,0.0980486025363441,0.102809397808341,0.107953782568028,0.115473919265453,0.0926018430363067,0.115485333935851,0.108660630034497,0.0993726430650982,0.100512928905661,0.114557052896661,0.11023419961461,0.118104456785448,0.0991676865165897,0.105872398474271,0.110763156600682
"113",0.109344248485443,0.121938096840104,0.103476320404684,0.103226710222522,0.0983120877944424,0.102015428882221,0.0984615370524544,0.106644845324065,0.10360000715236,0.128548692602627,0.121044801461042,0.0897233428285138,0.0920712513420149,0.122265018285244,0.132944002443935,0.116803101201782
"114",0.107549925497065,0.0880402210418323,0.113042759646331,0.119585898596795,0.115609439760329,0.105585607311069,0.109989734064269,0.0924508944459515,0.102327171885471,0.0951971345675705,0.108060669073934,0.124453143686607,0.0986630493627303,0.104805431555822,0.108906700333036,0.107410861061129
"115",0.096711854512447,0.105124309495557,0.0970997190698103,0.107384233241265,0.118287029851932,0.125686178307426,0.121466513773769,0.116402442142153,0.103891989078757,0.110569295858688,0.112058923218896,0.115050101548982,0.114115631191759,0.128863752949754,0.109276563649224,0.0998936524755304
"116",0.107646600194154,0.110197371759225,0.106064724803246,0.103026496768346,0.105463650555012,0.0984505071050678,0.114365431322426,0.0981785645900371,0.10115080021175,0.109618544698778,0.114030063964972,0.0964296274685646,0.107126059661432,0.103164603266127,0.121616577964361,0.0915081127185975
"117",0.0931138862179048,0.118961662162565,0.121475233630908,0.107171310444361,0.109153410603763,0.105616571705663,0.1051505262199,0.107596188985808,0.10730853834074,0.0970684452853914,0.124642560467045,0.109453734082332,0.12545441011936,0.104046898937137,0.101752326143482,0.103889368395819
"118",0.108121619048285,0.0988916631430362,0.114335077518139,0.116976565318614,0.124786156807769,0.10896233829537,0.112390015997311,0.127256807007689,0.0948136426871399,0.118313228917365,0.12272031612394,0.0905336248588586,0.101393599818903,0.102381154458583,0.101931341246097,0.113964428860223
"119",0.108979425629723,0.133329495681466,0.119021361568552,0.0893132304069974,0.105080770808609,0.122638415619366,0.103174619257671,0.108325251322838,0.107351047039671,0.10274046981746,0.0952262483009559,0.104370223589281,0.11668547694723,0.100441299612661,0.128996315795511,0.0989069205014326
"120",0.118144604716792,0.127809686891983,0.111080542707064,0.101167394402725,0.124714108693034,0.103052795745942,0.111694876110612,0.0949678346987493,0.123104557565524,0.11795989301538,0.097846957652887,0.0984394283036289,0.113568225361002,0.100684695907201,0.112799576662507,0.112089094321348
"121",0.10577359995181,0.107303218588341,0.0952912526406721,0.0983788687366069,0.109158166576509,0.122370073950379,0.102748184870589,0.109763416232086,0.106318803290476,0.112606947588923,0.102711887901655,0.113721843118176,0.111295698134644,0.102476591250836,0.110287191256565,0.110344179326428
"122",0.0950935014798139,0.120858938812484,0.0947374801714479,0.109731325541301,0.112591662438866,0.120296991318047,0.125597829322914,0.10956919001819,0.13305923975587,0.0969034031456013,0.102609285808696,0.110354649470001,0.106447199152095,0.103797882031779,0.121100587791495,0.111958706763163
"123",0.115457888313441,0.123939031894456,0.124772463600404,0.112105199841824,0.101381716705643,0.108177931962802,0.116694308208254,0.119746427858122,0.0966063599335087,0.109668970864081,0.110193037106684,0.122784293468263,0.0945743658619036,0.104856767787574,0.0989572903313399,0.107287345179979
"124",0.113169207854453,0.0903521421144065,0.110074155688319,0.10366685280309,0.110119063277857,0.0910783787545894,0.103171045347752,0.0945962661638588,0.116296258195467,0.104659847280614,0.0992623164088554,0.0908313215767436,0.125969403340286,0.118397442450676,0.113154055389701,0.109797541346441
"125",0.0900498790254897,0.109957447815766,0.113163092868754,0.111719900538309,0.10132791569037,0.102350979431825,0.0931818801241035,0.120414937936965,0.106011444706079,0.114254769346883,0.103873528323049,0.0977186862801551,0.0971482674635489,0.111892773937024,0.103489479362491,0.0966180673528367
"126",0.103503470351471,0.103538674656124,0.115051258147818,0.111832051290384,0.103316010443429,0.111589542480796,0.100286263994059,0.103517537070942,0.100607430584562,0.10137971866831,0.116211844622607,0.111800797244166,0.113873441836705,0.117105082612014,0.101150576027662,0.0950073980693455
"127",0.0965475856886905,0.105329280909217,0.100428031613014,0.113493228628351,0.113057440961924,0.106085507080995,0.10551084715576,0.113021259030869,0.12342970095193,0.103322647925286,0.0938369839465422,0.104279793394463,0.111195667415677,0.104175746501826,0.113616903021251,0.11296139352898
"128",0.0908767906164876,0.108475727278119,0.109177609439596,0.10203200656918,0.0948868417440898,0.123151812183645,0.104008406649708,0.10866429721762,0.117026830436668,0.127419832057184,0.0927087629786785,0.109087119007148,0.135508212477813,0.106971850363762,0.112492420112248,0.102144368692848
"129",0.111336571826198,0.103422361054759,0.103210060713952,0.104053847132501,0.11445083940245,0.0977272093581853,0.0918614823005903,0.112329898433964,0.0993634915066307,0.117763383318718,0.113411969967403,0.121048295899155,0.108227194894128,0.102945342839442,0.116547671006535,0.0988469163480089
"130",0.103561284972341,0.107016737077264,0.102507708753323,0.0952609055733747,0.100796303566593,0.117347511070248,0.104008660753543,0.123575372199545,0.124048287142748,0.096857984608062,0.113112665163838,0.104571354056514,0.120500225876837,0.112041447129308,0.106807786290922,0.0966594532526112
"131",0.116163309302306,0.101213486558325,0.106781005105272,0.0975378047051162,0.104821590152005,0.10124928776497,0.105972710857825,0.0967314793279769,0.109668301158667,0.103885409999275,0.108689899836253,0.105289872286271,0.101152149702398,0.122943137308945,0.0994064986661801,0.111751873156148
"132",0.109470302507975,0.117079069461996,0.101325824711733,0.113406753098892,0.11313593421206,0.105297388770156,0.097160099808033,0.106896592342579,0.102390973864565,0.100819644944174,0.110388656087134,0.106804125756195,0.096786256899377,0.109554699702638,0.0970660189815472,0.10435024322603
"133",0.0953786515009505,0.0965350630931828,0.106172421562943,0.103538078529542,0.108732851958839,0.116134266797735,0.109343862982678,0.103568156210665,0.112539771155128,0.120000972395482,0.102200637371455,0.0886174157185233,0.113619520289108,0.103239707903541,0.0989135726754827,0.0991741565383884
"134",0.111311316588599,0.114617576001471,0.0990140991606751,0.13603692527867,0.114798490625897,0.0973887697172264,0.0945107236571314,0.116076867134345,0.0962735478737301,0.114310337927116,0.120694213050538,0.111435723728955,0.0909598143076665,0.10474427682476,0.11870656587662,0.100649643783767
"135",0.11825848153207,0.101730751911661,0.11425946737994,0.114792360581937,0.116057593044741,0.0905317944350145,0.103585572952648,0.102488440530043,0.106723906595133,0.107731182312399,0.102817697373845,0.114046216448438,0.108494090447523,0.0992982869235895,0.109143429198226,0.108892861542361
"136",0.118874199478735,0.117473912610138,0.107754689220363,0.0991835636567713,0.117372256573658,0.105275172412069,0.129160496061228,0.111182216407,0.103370560479695,0.104771929767548,0.100916488435908,0.100776234859153,0.103025261681627,0.102775198926122,0.103491819313958,0.103813471557499
"137",0.108670255263591,0.11876594934343,0.10305804895861,0.107590693945491,0.115876385377257,0.100687770889713,0.10876978359315,0.110836547493305,0.118796409239889,0.0925208723708242,0.115106834398841,0.0994570715155672,0.121070087276654,0.105800925032903,0.118567339696603,0.111412727022664
"138",0.0948058867517656,0.0987729249316212,0.104668226584093,0.110152661331456,0.0988947722658932,0.0990330932926547,0.110432858458442,0.096388672563687,0.132891711029915,0.103421876796842,0.0963073316931908,0.111072494811643,0.112799881321502,0.099116765780085,0.128114187461485,0.101401287519077
"139",0.102212105864811,0.114232794682852,0.107600524207459,0.10303229205189,0.101857748873041,0.10435097979632,0.108392109918594,0.103490528039935,0.105820978771897,0.102672635166089,0.110485286720164,0.102204163043,0.118312957890448,0.101739827410977,0.098878448548536,0.106199259564493
"140",0.114462335719522,0.0986067851838142,0.107614233972633,0.107212683883233,0.139325506020542,0.105533698311017,0.0998164086296255,0.102324731632879,0.112973828812789,0.111303769107906,0.105377763596512,0.112655529729025,0.0938813228708042,0.102544220412158,0.0972449964459471,0.0976918725986872
"141",0.109136210515138,0.100204741992787,0.107004877544135,0.110554751991448,0.130501187122911,0.102956378245701,0.106702449457734,0.113799623890521,0.122460234857037,0.105554950556085,0.116233355748755,0.0979085992218711,0.12256908717173,0.107784636322947,0.104666861588157,0.104475250439705
"142",0.110699721330777,0.121521545620596,0.107954526644176,0.0987661493285213,0.0927729672666902,0.102836214256321,0.112711191890539,0.106848366348828,0.0999072488707776,0.127627045795724,0.108799361655308,0.100129005004613,0.0997830575577776,0.119978393741322,0.105066207791785,0.111263147633629
"143",0.0940078020473421,0.111086891375889,0.098352353250794,0.10510708618069,0.102174962190754,0.101956518082958,0.109403656648033,0.112583831733141,0.124044145453598,0.111247587626516,0.0974644028735713,0.0992733352992914,0.115111738188164,0.0970226483018392,0.101679914065717,0.110745481918421
"144",0.103444253018282,0.105378592598958,0.112614770942555,0.0934098972793626,0.131258082789282,0.119753610161812,0.119300242347968,0.11223600865629,0.105036181747267,0.121835677738533,0.109860549459415,0.105882136422225,0.0964685199316067,0.102434585211794,0.128090373058651,0.104587434515973
"145",0.102006708922438,0.0933173438935313,0.104405258699271,0.102598454506985,0.124729291948272,0.101402259088104,0.103153230826806,0.0967328031489303,0.104371134830306,0.0979492082448082,0.102260534712787,0.108601789903302,0.0929808647688429,0.100513729810163,0.11048649375351,0.111162715531835
"146",0.0888319852726149,0.109770564523396,0.105582171658444,0.108432235107831,0.118756234463633,0.111044343969263,0.106143705762622,0.100166354800513,0.0958019686016962,0.10883368179633,0.112486906314978,0.110335287041731,0.0957243223642447,0.108565265296745,0.110394860648531,0.108858848558465
"147",0.101611010196511,0.113564580166415,0.116081569678549,0.108601403139793,0.100793747325091,0.103488624246196,0.106569995789771,0.100598917528382,0.11933366641186,0.107367475243111,0.0994674749238308,0.105420326768848,0.103487636966815,0.10751547677543,0.10352850814515,0.112565346271627
"148",0.132479275182087,0.0963837759678029,0.111355850667701,0.109410006066544,0.118212284135052,0.0905143827462164,0.125655725916764,0.108080934467862,0.12616616824414,0.103862003328177,0.0975371497759882,0.110541816792426,0.107493832201443,0.11348374623984,0.109774172849779,0.106788083233602
"149",0.101829206079357,0.106933373237415,0.104019109927485,0.111295702137387,0.107034879550748,0.103540944047803,0.099378482555221,0.108659559025318,0.100927073614483,0.111618647443318,0.100997940723949,0.114266958846283,0.105871705168535,0.115136433570729,0.108863325394454,0.117091309580783
"150",0.13580182661165,0.105752506066561,0.10077171427068,0.0958626268953138,0.119600435368226,0.100983128317888,0.116048425325524,0.106515575140325,0.12957378978939,0.0925918461590766,0.120113185429328,0.0916227000878481,0.111389907974168,0.119503396805789,0.104977467847735,0.100479917384525
"151",0.0959984156786713,0.0921206785610248,0.101728533540564,0.107603208924437,0.0987041923509102,0.116271467773345,0.121379958127703,0.098494703373472,0.113643426952767,0.0863871640275187,0.114683094926422,0.117781659918646,0.109397846559467,0.0950630799853584,0.116904884342608,0.0996086879063865
"152",0.0909679251537608,0.105376831941344,0.114516555080598,0.102279881240114,0.0933250837957316,0.109887637219359,0.104719105519677,0.100840858415123,0.103993816977494,0.118581109782005,0.104692877051863,0.094716853556519,0.122114824551391,0.108522091159833,0.0962031471316086,0.10988537549765
"153",0.0996510547210067,0.109412422446168,0.110490969705411,0.105989589111785,0.101882235555848,0.0990178996870705,0.13479633771717,0.109581883421327,0.107480771856301,0.102147905076335,0.113610013459863,0.109030699269528,0.101712090409581,0.105341816924932,0.099689634626706,0.0993821828828973
"154",0.1042786287608,0.120966975283621,0.102870863330102,0.111191057284996,0.107181069449295,0.119837320294832,0.113873286962289,0.105608427732439,0.122492011247956,0.102731408544729,0.108238322846808,0.0926916613428972,0.103153424110533,0.118175488116561,0.0977557800126052,0.105203680451926
"155",0.0987751367591145,0.0992188538157595,0.097898676241975,0.099301769884073,0.107219084791388,0.10672343080797,0.117637154322995,0.109577819143794,0.109391343697601,0.107236285891552,0.109620878076326,0.105199020683352,0.106691391433232,0.113519706345895,0.104059617845788,0.105202160524515
"156",0.0924912350884296,0.121959457633108,0.106622119445774,0.106541549608579,0.11207687883307,0.0973590819229617,0.101964435346326,0.0991892453076264,0.109778613374418,0.110719479664342,0.110694897324802,0.0954872868590676,0.10647454826459,0.12968822103015,0.1138950868397,0.113933341466966
"157",0.110406764560207,0.0977495779129239,0.107970440278567,0.108348385073572,0.112308370241669,0.0933294173698075,0.108781390013012,0.114474956807682,0.116162372108438,0.109492352507731,0.101218776023521,0.0980714646211384,0.0931986293158964,0.11618103564782,0.10724000377333,0.115253019273211
"158",0.108227032884918,0.107273059488214,0.119930887774813,0.114939234760404,0.119798544906129,0.108152843042435,0.10535259488114,0.119812291300345,0.0980781716677315,0.121464509414216,0.102510319755575,0.104853175768753,0.110634161067689,0.0984593512677917,0.109404902871339,0.0957896805641056
"159",0.124231080338792,0.0995637174206132,0.109200625271815,0.117360365149046,0.108234321339962,0.103314240245997,0.117225134623542,0.102248686311842,0.103602405527737,0.10246743536083,0.105798218194291,0.10672723318546,0.109449574665271,0.112455501506739,0.136275495994862,0.10002416249975
"160",0.114802291931409,0.118921627371436,0.101684291539953,0.109896627357654,0.104024721713123,0.104625068463544,0.104208592678616,0.114733931258257,0.117758650426785,0.106306104264405,0.0943027687450912,0.117135970431744,0.098087992308522,0.100770994025097,0.109455861507977,0.108006580591592
"161",0.117013931906811,0.105292340651018,0.117621951827701,0.097911154795512,0.0971896942013703,0.106607456036615,0.122770008918531,0.101239180907437,0.106823613788706,0.106095466989062,0.0977423548951545,0.099940613631477,0.105806643813625,0.107211133930319,0.103211890064743,0.109184855082769
"162",0.0960377561420064,0.0982430865443117,0.108971428780418,0.118143213761365,0.111827558788395,0.098257234220784,0.127508235925964,0.0905097297538544,0.0929624384913917,0.115918083321876,0.108692906311274,0.108936460910871,0.119208088121689,0.100516214699253,0.0951923256791319,0.117981233178093
"163",0.104578463128414,0.110190159482049,0.133061340543249,0.0972626511895138,0.112454346497392,0.111705746150053,0.10480337221249,0.105435988298822,0.116007491350766,0.0943860275040826,0.116545813419511,0.116865513770119,0.096099649181374,0.105735477211245,0.11835756111354,0.108585768893175
"164",0.117908340704036,0.102124271632101,0.110134264592425,0.102084519229267,0.105831457885528,0.10035125010297,0.107306920241592,0.11244025678494,0.121085137716397,0.106521915019358,0.120181802296877,0.112305985730642,0.113302616015226,0.0975031476091767,0.117797641664208,0.126371131690124
"165",0.0996937238962295,0.0978843384276935,0.122422962924679,0.0926941667496854,0.113757884119356,0.103860985348764,0.106163267125143,0.0992318850682833,0.0897762274492086,0.106192247839341,0.104249989123761,0.100965496089691,0.120087524308732,0.1021431014185,0.0999556827054385,0.123556689060582
"166",0.121099070462813,0.122176131057085,0.102047751731039,0.102010935164577,0.0996177872639411,0.110837195518827,0.113079925020756,0.104978155114596,0.101101450828317,0.0981131365058337,0.118068148789705,0.107481688411948,0.0996505115621075,0.110424051159247,0.107907731950988,0.102908723303121
"167",0.10502115852562,0.102373702650858,0.117578406249601,0.0957125564246434,0.113066968997069,0.0970176916472537,0.106434240528982,0.0995401634004429,0.102524075683072,0.0995829469341499,0.103588233890194,0.103648329443394,0.0954295241037108,0.0987737052231996,0.104014781629616,0.117158940414761
"168",0.0928763963718972,0.12125932358609,0.105073894624874,0.10543778144983,0.111479438000045,0.119047043401632,0.0932693513996588,0.101075655695923,0.107246676017701,0.110091498458457,0.101835671026076,0.118438366278076,0.0979931531022256,0.102328651941801,0.103870100280718,0.104155526673766
"169",0.118956612511837,0.0978584365846739,0.103084629979327,0.102961373058993,0.107353057662274,0.10847215765833,0.106611315123278,0.100033012031623,0.107503097662435,0.109974075863448,0.114933284977803,0.112437085477597,0.12221027475809,0.106299781964505,0.0982476100531476,0.116139675581386
"170",0.098810285865523,0.093769203051471,0.0916049184239894,0.127304944562392,0.108575500296329,0.120630762459649,0.11660120635121,0.107060490159723,0.122944959069407,0.117720756425874,0.101289316095062,0.119043664822525,0.106981363149347,0.106978972972858,0.102576632424048,0.102069523999294
"171",0.0955434708596953,0.120816142956097,0.126610276280589,0.0989391125688951,0.104083721704094,0.102845384116869,0.0992347555283204,0.109628013682322,0.124114366717906,0.126228206342833,0.106322534379954,0.121811499810246,0.110921419240875,0.0988444941459588,0.106059572695552,0.107488020345464
"172",0.115937810779244,0.105814082823838,0.104535360476481,0.118341406813138,0.104261212842706,0.119232539173529,0.11136254076,0.111414984868733,0.118114568857026,0.102141859142614,0.116160807534656,0.100254857229352,0.120026459199681,0.111985342362212,0.0917722014145908,0.115480302884557
"173",0.102313462844499,0.113201066558579,0.111660246379271,0.105279467301549,0.108080967107894,0.0996464650187616,0.104903638763143,0.108866308901124,0.108042778839705,0.101033847653175,0.101989703721794,0.0978850275498478,0.104357714290674,0.102018646528494,0.110916224264709,0.109487376736293
"174",0.109144500437241,0.100411064439571,0.115425629994662,0.108633247920275,0.115873101345579,0.114571191012921,0.0983549454914489,0.108222293975222,0.114066468190701,0.112670765109913,0.117160362149925,0.11727885236097,0.0945935970551832,0.110601009892645,0.101956793443898,0.124618620922085
"175",0.106576311921837,0.0980627102241433,0.103307385360063,0.108582689502829,0.12172386801236,0.109901288823759,0.112140871480113,0.0987586441476202,0.0956654093319555,0.0973569190642657,0.109382015944526,0.101366848211784,0.0958460818716679,0.104142915680279,0.101952986236438,0.101097386822429
"176",0.122128683000777,0.109978120435008,0.105474577137754,0.101300516302777,0.103778146999907,0.103478765991317,0.103799194665009,0.109985393673929,0.103152666656557,0.112101106117952,0.108129881246612,0.0927823409269439,0.096616618039071,0.113259329975309,0.0949294526229863,0.102672927486962
"177",0.111071403438932,0.115755008190518,0.113498782066772,0.122097125524454,0.103754998167297,0.102933188984955,0.107508437901279,0.107006334985677,0.126062285881125,0.101907140502291,0.1071461261375,0.1033024835249,0.11144851588335,0.101667405264075,0.086111868976568,0.107256563229961
"178",0.117101259793562,0.0977833928910348,0.103005207679163,0.114475854456916,0.10758197980232,0.09708096595714,0.113277326605236,0.120613674346106,0.120559637000283,0.100123016099358,0.117221387001431,0.101122942160326,0.116359783111526,0.118357977459461,0.110865481546443,0.104995901695327
"179",0.10927004186107,0.103653605420806,0.102321414780296,0.0988570034913631,0.102166175882526,0.109538492891502,0.10286081769651,0.106992858352533,0.102653438994056,0.108665618500694,0.108869388451823,0.100007130951514,0.120104789874253,0.112034602233628,0.110078849435987,0.104404536390758
"180",0.100770270712296,0.111508558995468,0.105752072239386,0.106636432915347,0.119383744016352,0.124969854216248,0.102218095234982,0.112885170230864,0.107276550436676,0.0881591471227378,0.111351500934807,0.103549271668147,0.104688362853479,0.0982952252611154,0.120440858657863,0.12822229324591
"181",0.105867641514812,0.103226467224861,0.0943667129664671,0.109266010210334,0.101263242480495,0.0988276601940664,0.105247281598537,0.119066238572009,0.107143999148587,0.0983150749825844,0.1338160478081,0.113561347173674,0.115259025415151,0.0959296346823468,0.100111258704739,0.104250459342141
"182",0.108483822917357,0.103152126782508,0.12040999657732,0.0891789269897348,0.120881471474228,0.104969065467449,0.104513802810629,0.114178491278424,0.0985157221802067,0.109070197909581,0.103453911040218,0.0946501009402478,0.104309345917466,0.117541863910414,0.120769672899908,0.097734086941726
"183",0.122438351237703,0.124236360267804,0.106244288628749,0.106452332090413,0.110670101648238,0.112179207000719,0.120959929901273,0.100263004639586,0.109336063629455,0.103697430116652,0.0970799004827172,0.0984411495240061,0.0984184528836467,0.104795722638808,0.104564324656972,0.106297947268899
"184",0.110620184515945,0.106551761475613,0.125168004483629,0.108409219473849,0.0955527489179124,0.107758610760514,0.125402411610179,0.110267577636347,0.105814341254289,0.120120362631227,0.10253896056139,0.0987838142503629,0.117359555092785,0.119205204931245,0.103725632290796,0.0975751641340532
"185",0.103251184549255,0.132291579875837,0.110695336103089,0.12025377176068,0.115544054641292,0.111832778955615,0.0923662977216168,0.0990316017057774,0.130368130028139,0.106269842188202,0.111420246242192,0.11371480365615,0.105417789880661,0.124299281875603,0.0944735374110661,0.106517639620857
"186",0.106153590365992,0.0948975277742408,0.128993194072417,0.0999909745952028,0.100071596817291,0.0997126801635689,0.10834505579434,0.106609052644061,0.109318720433896,0.114642294386373,0.10837637214806,0.0957361303691596,0.115257032929604,0.114797940745613,0.112570719671833,0.109570397237015
"187",0.0916107372131194,0.0994436612355359,0.111383315539559,0.10401075744961,0.115122636946862,0.112554429119459,0.11878620736193,0.103896580246256,0.11803636580457,0.126303264273024,0.115557927462343,0.116036481851319,0.113135789164086,0.0922828851270031,0.101021986585115,0.11226328760834
"188",0.107043809481975,0.0995174443181922,0.105101309057213,0.104942012929385,0.104830384279913,0.110434918392181,0.100646839376077,0.108921542936452,0.102331862730245,0.10469388649995,0.11977663357684,0.1032264155524,0.103292326804775,0.105799849462143,0.108243339247732,0.106698536666721
"189",0.118468328788595,0.11941509793305,0.11147101567035,0.117243925914613,0.115691689366605,0.105474017942825,0.102562881474765,0.103429345232728,0.122414196767049,0.103870016790735,0.128875486794105,0.118776560626795,0.114956597430863,0.118303382049695,0.104845040772011,0.0988259219275818
"190",0.122674471321219,0.105949561307666,0.107449509496645,0.105971771330755,0.101964572923244,0.108179181101615,0.117678486173777,0.102105580928544,0.129893773200654,0.115347482801858,0.107107563727766,0.110637978713269,0.116330313351237,0.112072439884338,0.107373625778294,0.104868364342158
"191",0.0993522525067242,0.110840154957064,0.109307627023258,0.0915189524002144,0.128745266275144,0.107077238093395,0.108241256495538,0.103780826533307,0.111524714939146,0.0977522038184297,0.0967605471491917,0.116306448105892,0.122968921932992,0.106415282333526,0.104708905890825,0.106678752794945
"192",0.103556986114681,0.117862401488547,0.090350356904384,0.105602291360983,0.113606909395654,0.105487636989025,0.103541925489604,0.117416666504013,0.0984976955298125,0.113183427960325,0.100837871693819,0.105339141393149,0.0966045105085527,0.0983454729704719,0.0994894286068033,0.103586188443728
"193",0.109847836745411,0.10236157107485,0.116714228705869,0.109154592790328,0.106541532807978,0.107599405845166,0.0964396211461841,0.105307808394207,0.0992730143218055,0.0987141931719241,0.107045628322426,0.0939495500157847,0.11243985610065,0.13341771227307,0.0961223677379355,0.110236309718832
"194",0.110164713277947,0.115536204060057,0.111344630935014,0.0960552986103818,0.119119352282409,0.112312858379334,0.10969356082363,0.117405047345821,0.112482048359444,0.0964099262596092,0.0986373682275036,0.120418935574871,0.12049666716917,0.100483775517727,0.0977418913656163,0.118805607220528
"195",0.0952677258621817,0.0976402642369142,0.115106587021433,0.107911563624088,0.112319010584753,0.11765736286951,0.0958869889467436,0.11392734235998,0.106351508201618,0.0916715502688473,0.117677645721282,0.100962234268688,0.118808191074418,0.105353893823908,0.106780353931593,0.116160526882566
"196",0.104653395163512,0.105089733090952,0.138736677554153,0.106876230299059,0.0994171800649737,0.12753924213149,0.0984215532404649,0.102180518683467,0.106743833761543,0.103988559006002,0.108342368228119,0.0919836424147557,0.0982819030079004,0.121104775619019,0.110505769942309,0.120516635560621
"197",0.117791133730328,0.0970037593793482,0.110477410173767,0.116609994766666,0.105049312774872,0.106568890410002,0.118022385579633,0.103994911684126,0.0928622693737915,0.0952426919497553,0.105786778948152,0.119320567569801,0.116789975196306,0.0968045361257555,0.106450835078346,0.100828384216382
"198",0.105428928138063,0.0900142638688962,0.10585922696741,0.114539849978341,0.103108637910334,0.0979817752781472,0.108015055502271,0.104693695268058,0.124264523568571,0.101661528485232,0.0978776446770871,0.109120270977915,0.0939375283701916,0.124303932350145,0.11430167566978,0.101956837167602
"199",0.10583356657124,0.0999068711527662,0.101112299185899,0.101919249234656,0.0989435191698658,0.0993513517907745,0.110040495758365,0.111105840068207,0.0992226690871313,0.0971760637854999,0.102368086050804,0.105654057940229,0.104032803158133,0.106543496672074,0.110665539173739,0.0965231487161445
"200",0.100905192738843,0.105053087253712,0.123069707455159,0.113236113802303,0.102553256524572,0.0984770436420045,0.106860687215235,0.0995842943886446,0.12155539458988,0.101524472252873,0.11590652891561,0.104814916259933,0.116943233421969,0.110034428895423,0.101847781123626,0.114370308836794
"201",0.111097802653347,0.112301985084886,0.107569322244465,0.10105567434978,0.107348864359095,0.138801905452337,0.101290093819963,0.116866923555351,0.106250618771057,0.0953653281755869,0.11587078984984,0.107027841767841,0.105071540460124,0.110823433044323,0.10636215805039,0.100613545808625
"202",0.106466351008056,0.112262558783026,0.118396193313962,0.0996221386798364,0.110166430499714,0.106981328401918,0.101722447468821,0.113015663008172,0.136387019430639,0.120760304713925,0.105502613395006,0.101430977444118,0.111549397615472,0.108914818488977,0.104791649938627,0.119524800489388
"203",0.105005233516738,0.110363186615444,0.111089779608583,0.124619864532962,0.102742646845482,0.109678245264768,0.0975578883303427,0.119423687267925,0.106265257827212,0.0953150918199993,0.103615194599133,0.104729724870016,0.106724076991355,0.0902802430403589,0.121334775578081,0.103892740781467
"204",0.113311586084909,0.104057509799553,0.0959064936516575,0.104330122784726,0.124458147251786,0.115547431223817,0.0950014177539951,0.0971535004706304,0.0964443383011799,0.111747349154631,0.103159950700596,0.114969503346701,0.114729244795003,0.0990978802940249,0.11207900501067,0.0923747263406047
"205",0.0994197314026651,0.103528616954372,0.114786844614624,0.101720388212685,0.111050253419582,0.118640105801036,0.0913950597189279,0.092868174227935,0.108265237836526,0.103584329059077,0.104842035187159,0.109928234214308,0.123231619969372,0.105538187348082,0.110830758373769,0.0942064333771245
"206",0.107964120559585,0.100116748955348,0.140310491593114,0.0998893579758783,0.112087605487517,0.1185748991427,0.115078060450576,0.100382302318707,0.116922614074834,0.120347195000261,0.0871314667540446,0.0913050578821968,0.101894477352435,0.10434777285694,0.109049894985138,0.124234783190151
"207",0.110032408448642,0.124880183565131,0.0970078437757332,0.0992427791928414,0.108852338556502,0.107998618047583,0.100074448946304,0.134949422431635,0.119121231031358,0.0922483408322583,0.100682856867693,0.118539333767606,0.113607184732876,0.124766599634001,0.0992904098874663,0.125297885906617
"208",0.108562795968716,0.0987176933281676,0.115145982708266,0.099204157969434,0.112171974926937,0.098401651364646,0.122826121463804,0.114851136147714,0.0968744100188203,0.112066643656127,0.103100740190061,0.101240381636619,0.119198064254938,0.106367550979166,0.0990086506282828,0.0986324248844401
"209",0.100166271741156,0.0962158538909152,0.106428834163094,0.0964677970898398,0.109485574461951,0.11950455184978,0.10745922755153,0.0956079941429536,0.100934709723486,0.0905507874793757,0.112005399690852,0.0904872086948999,0.0975661525852458,0.128683076662427,0.135798899811629,0.100208845567943
"210",0.110801484136511,0.116756961839901,0.0893717529239257,0.096842839965851,0.112412515587068,0.0988332609431592,0.117353529845917,0.103508344528936,0.101739142173537,0.111648360182642,0.103278838279945,0.113148280424195,0.0998492364036802,0.115917994840956,0.108739850052955,0.113552742467594
"211",0.113236061096769,0.102573952728478,0.100236264182989,0.110831298031356,0.101194016973812,0.0978730354167106,0.0972621890609687,0.105343089173705,0.118195297878749,0.0987588055126935,0.106801657588691,0.115629411852423,0.114636235758413,0.0980175785142609,0.107064576862485,0.110179197758065
"212",0.117146095856098,0.0978647706009489,0.100296757002921,0.106753068618301,0.117447728759567,0.100246474859329,0.0924900008909914,0.112863521426292,0.0956550912427305,0.116004087642814,0.114452105172118,0.111801328515631,0.100929469650419,0.0920688178106782,0.1018087874224,0.111723021816748
"213",0.113582423846094,0.108524941957794,0.127978895272075,0.104036757629777,0.11092717372769,0.113676845953202,0.110381443756789,0.0969530848668303,0.110060963814418,0.117722177337869,0.10358167714214,0.0989087683709801,0.103095836009562,0.09976771748891,0.125289327876268,0.0966408506035226
"214",0.118052572471207,0.10240674369344,0.10626911911857,0.123236955086788,0.107109413758243,0.101868324663954,0.097673877010529,0.105012414644171,0.11189466845767,0.105029523384741,0.117151531589648,0.105993038208439,0.106331436323798,0.105023977521991,0.0981047278487157,0.115236070246164
"215",0.103397291169554,0.115456603898071,0.110414768444712,0.106192180950906,0.106734925543694,0.113960836926773,0.107444184874288,0.0961300674881332,0.116765418442889,0.0994637255998215,0.110670883391144,0.129066983772524,0.101002368921253,0.105582949273008,0.111417029286478,0.10327396599007
"216",0.102037843056363,0.101109689712507,0.105049190238422,0.0962991736821359,0.109835068223598,0.103024377645956,0.0944721802800531,0.101358896329838,0.12803833404701,0.0933761601349249,0.0999304224441894,0.0918477421557523,0.122595108756382,0.123028069853453,0.105441328602182,0.107337370749352
"217",0.110043757955307,0.114767548256063,0.088661915411012,0.121835218686837,0.117760612513287,0.114147292279807,0.0836253514534451,0.118767563141076,0.108895550696119,0.11396552961906,0.0919242006286191,0.119180390200563,0.115872061721914,0.106363221196306,0.1071100216371,0.109079861835388
"218",0.111926999057439,0.11449309773945,0.111579985886614,0.106858125452376,0.119948134982279,0.0963237543388349,0.10795587219074,0.128309660851073,0.11786975169115,0.105666863600077,0.0953865310463269,0.117074597607436,0.102000600210345,0.0972650376094865,0.102396784939421,0.105233421879975
"219",0.107649643456928,0.106842645016492,0.12935878541016,0.0943789470349374,0.0897076904747571,0.0973573950246675,0.107045403511943,0.0932835069448208,0.109071610959022,0.0997804417126849,0.099513749228187,0.0993770323619749,0.102516239442912,0.108673125448009,0.108966497704928,0.101478658474132
"220",0.111953031622343,0.0920071582354314,0.0937813433968998,0.0967942591992506,0.11498892466497,0.0991264243753604,0.124333556991141,0.136404342903999,0.101905886222023,0.0976787270030092,0.108220031171292,0.0906093515207582,0.110615953036435,0.104169413467154,0.100313868777092,0.117534627679094
"221",0.105646625259001,0.101519533903111,0.106604687365528,0.0953972290347021,0.10003522136334,0.114271871652194,0.106920390410055,0.0905141292311074,0.110090689152272,0.102438002382823,0.109706498516956,0.11102823622318,0.09911491520578,0.122169897257203,0.094367436247579,0.10665997426023
"222",0.0939247223358376,0.0998428543374171,0.111860742467847,0.115690380245513,0.123500083329889,0.11081801687783,0.095255890412292,0.0981837991910149,0.106382052329269,0.101876666650597,0.0992263832380179,0.103239450489547,0.11918384574418,0.12757214664189,0.104191852029736,0.0957350854938669
"223",0.102846923558228,0.110737508454085,0.0992800539708825,0.101649880867789,0.111324845956173,0.101884131033297,0.096072956645011,0.104328488472476,0.130656488919993,0.0978931515137041,0.099254367022809,0.0998034601718139,0.107966770364356,0.100169692128049,0.101651774287917,0.0948098430345901
"224",0.110198916711741,0.126117092653633,0.102734665184497,0.0968592984990687,0.0967116722570692,0.125888324898238,0.115405591365367,0.100367008408124,0.106726739494221,0.0983621653888375,0.112833579996359,0.109690305938846,0.100112211632314,0.104712192329295,0.111420347678793,0.0974628579098435
"225",0.100873705372065,0.118415307045876,0.109819526155163,0.112771783313264,0.0956949046043626,0.0959455712726834,0.0995345458135836,0.108144823359892,0.108358343525366,0.100791517706062,0.102552143749887,0.109338407485431,0.0885522114094292,0.0961425847101582,0.0973692770328122,0.0875207835859573
"226",0.0895408407689921,0.0955286119079773,0.117786083825802,0.104644000186876,0.103254577285891,0.118365932972092,0.0996170093397321,0.0958333492545972,0.105885861217928,0.103138895550691,0.118999837781465,0.112666483863235,0.0986246492266266,0.127387187334058,0.124848620103089,0.0889122786926775
"227",0.112702715923676,0.111032313357399,0.107363050650035,0.111164585838351,0.110874368266407,0.1307602123658,0.124331612885708,0.094474448197249,0.113551143398949,0.111065807080066,0.107344579102621,0.11648344185337,0.0923589304469071,0.101521416266516,0.1001750240169,0.0980331211278136
"228",0.101380528781291,0.107438687752248,0.115155980598083,0.111643424923791,0.118205091991768,0.0967708950805984,0.105769871085598,0.121863988193077,0.100434354870638,0.1161331026241,0.101304252544849,0.109286836105201,0.128710010631044,0.106412209641221,0.111152229698826,0.116584433261491
"229",0.103892996668469,0.106080227881004,0.0996418413952036,0.106602477429247,0.111585168767214,0.0982556773145999,0.107437686300457,0.10340696319887,0.096381406514322,0.102450294873231,0.085345011645929,0.102761317068051,0.10480334314947,0.110413427342421,0.108406905714726,0.10125071821094
"230",0.118707411882823,0.0980858200295997,0.118444778981043,0.0844612241270435,0.143471657780923,0.10727254500675,0.111502061426581,0.117632252988353,0.102361598484913,0.100459152740155,0.105093083236234,0.110851860423826,0.105133894512477,0.108773323994411,0.110489780913849,0.100205763079171
"231",0.118758959384906,0.0998420931132605,0.0940468255303641,0.10482011551177,0.0929695248841787,0.118124101497222,0.106294271854089,0.0981055692509624,0.112024727075774,0.104341162680732,0.109661575947689,0.101716169195058,0.126885043138037,0.109594226068803,0.102702538072937,0.0999145045248757
"232",0.102968740501213,0.112647568789186,0.101792872254956,0.112665729005631,0.112217046821936,0.112896022229416,0.103811403491519,0.118979089172215,0.103426628128101,0.106479433194179,0.125292555644633,0.0976921003519979,0.102995662669928,0.104707713291152,0.123111667734964,0.0952213998189431
"233",0.0978414323013139,0.105666462204845,0.0944815713797099,0.0964671888427664,0.102699711403289,0.11639498363142,0.100588732650734,0.11545843112415,0.0982436738554783,0.0981362644951381,0.112923921831327,0.101785230142554,0.117580510851676,0.112007521706535,0.132437370086673,0.0960513305097053
"234",0.100228938309131,0.105833621292991,0.101207921361827,0.0878437322065845,0.111149983064093,0.100980722633022,0.126777810952972,0.0966845691403131,0.104885641166559,0.119126509921456,0.120368565394006,0.0965677703487726,0.104134365227583,0.112250925240882,0.106468918345389,0.125121941174114
"235",0.120818637343773,0.13420432188545,0.103221519701139,0.104342087141685,0.10618137457419,0.10407816683744,0.10550380437518,0.125878430431362,0.111232848387182,0.109847932984947,0.0977446206692853,0.104384887064298,0.131610596404223,0.101751297243211,0.0926191646995915,0.105956897233265
"236",0.120422401753653,0.0996195207639028,0.0898992375823206,0.0996334387768849,0.10166353401734,0.103100497710545,0.0962748199548897,0.127077591977506,0.129204818411324,0.110499218931277,0.100784647344384,0.102541263635589,0.102597715792513,0.10776384050149,0.10951111369166,0.118107435617373
"237",0.111299985078679,0.114137999087557,0.105240232101897,0.111718028633617,0.103388555349445,0.107139937937762,0.0964067799393408,0.100848940376775,0.0977469399695001,0.106803865596587,0.118622592567094,0.10401368254747,0.120984082885867,0.106328095242706,0.108532971763594,0.111615722144079
"238",0.102466267093351,0.102623072216437,0.115361334753423,0.0889932363596797,0.10888122694694,0.112450581185268,0.0995303874740203,0.0943673808705505,0.107869977162648,0.136846267198593,0.11724997371855,0.114165677013026,0.104337963468984,0.105299834686626,0.103181987422182,0.108310069854147
"239",0.0979087826832593,0.0969927847835878,0.106503863085279,0.148195731315275,0.113418965176814,0.0991492645380205,0.115739485208522,0.124261408190788,0.109391400827952,0.111156128911256,0.106800849888283,0.118245984801788,0.136857880280709,0.105695444788898,0.10612268919062,0.0980022082289829
"240",0.103389640374303,0.108658372277135,0.114143091670063,0.107777312021811,0.108257640733056,0.106407937951387,0.123842400540809,0.113687422508788,0.104981640277089,0.106722818313798,0.0927700209551688,0.104179285547964,0.0939803614487154,0.103731576309558,0.122594017850841,0.0973581353466262
"241",0.114059442796029,0.106115885856655,0.0982733714911851,0.107244559503876,0.120442463293743,0.105090757402929,0.102762346836327,0.112613839689837,0.0892578332359129,0.0997464766847101,0.103028589393823,0.101993560592238,0.0908306246644413,0.110537172690477,0.110272822440812,0.0963575661776481
"242",0.130631777141524,0.109099729886113,0.101998510557796,0.121844583436867,0.138926460151075,0.125874888971318,0.120126364315385,0.109203105384882,0.102904935875642,0.106159478049261,0.101529659267019,0.103992986012291,0.11063414489303,0.121537200070134,0.101044841756178,0.103748669442408
"243",0.123633517077334,0.102079388723224,0.127857109839833,0.101876614126138,0.113652377379194,0.0976809042934395,0.113299149648575,0.117049150855949,0.0986410421498616,0.0995949568671999,0.0902922133416692,0.0943009093318608,0.0967380797338383,0.104403059866377,0.103839892240624,0.0968110975847059
"244",0.123659661114291,0.0882653724662233,0.109615664966492,0.0950419063226032,0.100227508125815,0.104422166415847,0.107930226157739,0.0973502937194224,0.0930418607974392,0.142471146988742,0.104863712377797,0.109405328118698,0.119425839240403,0.105131829028347,0.106771226871511,0.0977856849586135
"245",0.101522615693039,0.103940390046517,0.109482523906658,0.107033758902115,0.0955454894506309,0.110090461397758,0.105450259323219,0.10198285116094,0.13154121751036,0.109469105341163,0.106573670264536,0.100136620812423,0.10344959929285,0.11328788613139,0.129651613089511,0.105838409327381
"246",0.127771903215673,0.107881130175439,0.093236075744902,0.125974613742227,0.105613145038699,0.0946259500343554,0.103261715138789,0.103134893333977,0.0913408983472631,0.101458499065591,0.111834122907505,0.108516530358843,0.104506732968421,0.106604627305934,0.0975378507239746,0.110009285343823
"247",0.118408695546004,0.103202789048066,0.115835004132935,0.102625858341268,0.109516192206894,0.106415124699564,0.103647455391328,0.116955065642633,0.112598915666229,0.102259986232541,0.11134025758969,0.0978574004437276,0.0914082825647431,0.0974549801163084,0.124385680614379,0.100983406830493
"248",0.114612216015104,0.110571019237719,0.113462506370609,0.105921004892543,0.116055713634038,0.10697944499456,0.10477912010666,0.106983015723848,0.094685888702188,0.118217571748221,0.0982034605921916,0.0989937638439408,0.117986247523864,0.0893844152564494,0.108651355616206,0.0996917170928205
"249",0.104502059641926,0.110026344407068,0.110753261420479,0.109616934230245,0.102839477290496,0.0967007424326795,0.120671606677136,0.114890241172918,0.104619288212776,0.104843189672273,0.100378018017024,0.0968830473525284,0.100836048287696,0.1209302410978,0.104696351905866,0.107531789881491
"250",0.113815485571041,0.104015443880563,0.121459588950706,0.121891112426524,0.105013207143675,0.115419974920258,0.150689839374973,0.106526812664053,0.116706530079358,0.103064786715356,0.110788608163338,0.11580459380565,0.106041368637705,0.101103326515272,0.105450850992652,0.116859111689415
"251",0.101481609050106,0.127988769429458,0.116344942383642,0.107052590050293,0.115311754827728,0.113664861500336,0.112909397524785,0.110759683763638,0.117828170445765,0.106082253769125,0.110585048078362,0.102900672853662,0.109803213846433,0.114835734028902,0.103102621221914,0.104883461330934
"252",0.112579722109412,0.113844265519811,0.0989583538721952,0.103977019885785,0.108175552610517,0.109256928042135,0.0992660740575058,0.0931341904156765,0.130885145481683,0.130514935602177,0.107996547545361,0.118523126324185,0.0993707220979747,0.104502516757909,0.10460717362546,0.106476005936951
"253",0.108737416487755,0.109882677721441,0.11272299528694,0.100062525072926,0.126157417731033,0.10785287399258,0.105373288016305,0.112273559414596,0.101986543681331,0.106696742151914,0.111513203007015,0.0921474182846351,0.100434368276525,0.122544224275927,0.0972009186637166,0.103285576667405
"254",0.121493329879193,0.104755206741205,0.1211178866359,0.113458049595743,0.126537224716777,0.098635053380473,0.113199631050192,0.116765461000617,0.114668938535705,0.0955279049068004,0.0987787044197365,0.102019847873961,0.10676257783013,0.103153779739135,0.120678711186211,0.101134923046947
"255",0.0912613142973671,0.120904508444227,0.119382312082451,0.12738728136114,0.0946950930622345,0.101872367941421,0.112939035030423,0.105065522269079,0.109967751414136,0.100004287950552,0.117949869482884,0.112768752514394,0.127115989215701,0.112257381382216,0.11488876493006,0.105310879094323
"256",0.111330364464213,0.107757476095256,0.0942927199762508,0.0935296706593826,0.105432812502697,0.123441288156203,0.106033674708685,0.106775182640965,0.107536916495567,0.104967395044695,0.108887854208555,0.106875449956649,0.123012720398057,0.102617919364037,0.11082623573117,0.0992220868250586
